	Hotel Name	Price	Amenities	Reviews
0	Roseate House New Delhi	₹4,257	Free Wifi+Free parking	5 of 5 bubbles
1	The Roseate New Delhi	₹8,449	Free Wifi+Free parking	4.5 of 5 bubbles
2	Radisson Blu Plaza Delhi Airport	₹3,502	Free Wifi+Free parking	4.5 of 5 bubbles
3	The Muse Sarovar Portico New Delhi Kapashera	₹2,292	Free Wifi+Free parking	5 of 5 bubbles
4	Hotel Novotel New Delhi Aerocity	₹3,235	Free Wifi+Free parking	4.5 of 5 bubbles
5	Pride Plaza Hotel Aerocity, New Delhi	₹2,925	Free Wifi+Free parking	4.5 of 5 bubbles
6	Taj Palace, New Delhi	₹4,750	Free parking+Pool	4.5 of 5 bubbles
7	The Park New Delhi	₹3,898	Free parking+Pool	4 of 5 bubbles
8	The Claridges Hotel	₹3,750	Free parking+Pool	4.5 of 5 bubbles
9	Vivanta New Delhi Dwarka	₹3,230	Free Wifi+Free parking	4.5 of 5 bubbles
10	Piccadily Hotel	₹4,085	Free parking+Pool	4 of 5 bubbles
11	Andaz Delhi	₹4,590	Free Wifi+Free parking	5 of 5 bubbles
12	Eros Hotel	₹4,880	Free parking+Pool	4.5 of 5 bubbles
13	Lemon Tree Premier, Delhi Airport	₹1,943	Free Wifi+Free parking	4.5 of 5 bubbles
14	Hilton Garden Inn New Delhi / Saket	₹4,199	Free Wifi+Free parking	4.5 of 5 bubbles
15	ibis New Delhi Aerocity	₹1,874	Free Wifi+Free parking	4 of 5 bubbles
16	Holiday Inn New Delhi International Airport	₹3,625	Free Wifi+Free parking	4.5 of 5 bubbles
17	Shangri-La's - Eros Hotel, New Delhi	₹5,850	Free Wifi+Free parking	4.5 of 5 bubbles
18	The Leela Ambience Convention Hotel, Delhi	₹5,285	Free parking+Pool	5 of 5 bubbles
19	Holiday Inn Express New Delhi International Airport T3	₹6,499	Free Wifi+Restaurant	3.5 of 5 bubbles
20	Taurus Sarovar Portico	₹2,215	Free Wifi+Free parking	4 of 5 bubbles
21	The Umrao	₹3,719	Free Wifi+Free parking	4.5 of 5 bubbles
22	Radisson Blu Hotel New Delhi Paschim Vihar	₹3,168	Free Wifi+Free parking	4.5 of 5 bubbles
23	Hotel Amax Inn	₹1,125	Free Wifi+Restaurant	4 of 5 bubbles
24	Park Inn By Radisson New Delhi IP Extension	₹2,304	Free Wifi+Free parking	4 of 5 bubbles
25	Red Fox Hotel, Delhi Airport	₹2,529	Free Wifi+Free parking	4.5 of 5 bubbles
26	Park Plaza Delhi CBD Shahdara	₹3,800	Free Wifi+Free parking	4.5 of 5 bubbles
27	Hotel Delhi Aerocity	₹1,436	Free Wifi+Free parking	4 of 5 bubbles
28	Park Inn by Radisson New Delhi Lajpat Nagar	₹3,599	Free Wifi+Free parking	4 of 5 bubbles
29	WelcomHotel Dwarka	₹73,969	Free parking+Pool	4.5 of 5 bubbles
30	Pullman New Delhi Aerocity	₹ 5,040	Free Wifi+Free parking	5 of 5 bubbles
31	JW Marriott Hotel New Delhi Aerocity	₹ 7,080	Free parking+Pool	4.5 of 5 bubbles
32	Maidens Hotel	₹ 5,040	Free parking+Pool	4.5 of 5 bubbles
33	Sheraton New Delhi Hotel	₹ 6,664	Free parking+Pool	4.5 of 5 bubbles
34	The Leela Palace New Delhi	₹ 15,930	Free parking+Pool	5 of 5 bubbles
35	Aloft New Delhi Aerocity	₹ 4,130	Free Wifi+Free parking	4.5 of 5 bubbles
36	Ginger East Delhi	₹ 2,519	Free Wifi+Free parking	4.5 of 5 bubbles
37	The Lalit New Delhi	₹ 11,676	Free Wifi+Free parking	4.5 of 5 bubbles
38	Le Meridien New Delhi	₹ 6,785	Free parking+Pool	4.5 of 5 bubbles
39	Hyatt Regency Delhi	₹ 5,967	Free Wifi+Pool	4.5 of 5 bubbles
40	The Suryaa New Delhi	₹ 4,928	Free parking+Pool	4.5 of 5 bubbles
41	Hotel City Star	₹ 2,128	Free Wifi+Restaurant	4.5 of 5 bubbles
42	Inde Hotel Cyber City	₹ 2,267	Free Wifi+Free parking	4 of 5 bubbles
43	The Golden Palms Hotel & Spa	₹ 2,747	Free Wifi+Free parking	3.5 of 5 bubbles
44	Hotel Ajanta	₹ 2,195	Free Wifi+Restaurant	4 of 5 bubbles
45	Ambassador, New Delhi - IHCL SeleQtions	₹ 6,159	Free Wifi+Free parking	4 of 5 bubbles
46	Fraser Suites New Delhi	₹ 5,128	Free Wifi+Free parking	4 of 5 bubbles
47	Hotel LA	₹ 2,915	Free Wifi+Free parking	4.5 of 5 bubbles
48	Hotel City Park	₹ 4,881	Free parking+Pool	3.5 of 5 bubbles
49	Radisson Blu Hotel New Delhi Dwarka	₹ 11,507	Free Wifi+Free parking	4.5 of 5 bubbles
50	The Muse Sarovar Portico	₹ 2,996	Free Wifi+Free parking	4.5 of 5 bubbles
51	The Metropolitan Hotel & Spa	₹ 9,193	Free parking+Pool	4 of 5 bubbles
52	OYO 12191 Hotel Airlift	₹ 526	Free Wifi+Free parking	3.5 of 5 bubbles
53	Colonel's Retreat	₹ 2,451	Free Wifi+Free parking	4.5 of 5 bubbles
54	Treebo Tryst Royce	₹ 1,985	Free Wifi+Free parking	4 of 5 bubbles
55	Radisson Blu Marina Connaught Place	₹ 5,039	Free Wifi+Restaurant	3.5 of 5 bubbles
56	Airport Hotel	₹ 2,241	Free Wifi+Restaurant	3 of 5 bubbles
57	Hotel Grand Godwin	₹ 1,796	Free Wifi+Restaurant	4 of 5 bubbles
58	The Oberoi, New Delhi	₹ 18,290	Free Wifi+Free parking	4.5 of 5 bubbles
59	The Lodhi	₹ 18,879	Free Wifi+Free parking	4.5 of 5 bubbles
60	The Grand New Delhi	₹ 3,829	Free Wifi+Free parking	4 of 5 bubbles
61	ITC Maurya, a Luxury Collection Hotel, New Delhi	₹ 6,159	Spa	4.5 of 5 bubbles
62	Jaypee Vasant Continental	₹ 4,591	Free parking+Pool	4 of 5 bubbles
63	Crowne Plaza New Delhi Mayur Vihar Noida	₹ 4,127	Free Wifi+Free parking	4.5 of 5 bubbles
64	Holiday Inn New Delhi Mayur Vihar Noida	₹ 3,931	Free Wifi+Free parking	4.5 of 5 bubbles
65	The Ashtan Sarovar Portico	₹ 2,867	Free Wifi+Free parking	4 of 5 bubbles
66	Four Points by Sheraton New Delhi, Airport Highway	₹ 3,024	Pool+Restaurant	4 of 5 bubbles
67	Hindustan by Backpackers Heaven	₹ 1,128	Free Wifi	4.5 of 5 bubbles
68	Hotel Prince Palace Deluxe	₹ 1,407	Free Wifi+Restaurant	4.5 of 5 bubbles
69	Hotel Connaught Royale	₹ 5,488	Free Wifi+Restaurant	4 of 5 bubbles
70	Hotel Emperor Palms	₹ 3,472	Free Wifi+Free parking	4.5 of 5 bubbles
71	Hotel Sunstar Residency	₹ 1,680	Free Wifi+Free parking	4.5 of 5 bubbles
72	Hotel Sunshine	₹ 850	Free Wifi+Free parking	4.5 of 5 bubbles
73	Capital O 467 Hotel Livasa Inn	₹ 2,464	Free Wifi+Free parking	3.5 of 5 bubbles
74	Hotel Sunstar Grand	₹ 2,464	Restaurant+Room service	4.5 of 5 bubbles
75	goStops Delhi	₹ 1,091	Free Wifi	4 of 5 bubbles
76	Tivoli Grand Resort Hotel	₹ 3,046		4 of 5 bubbles
77	Hotel Viva Palace	₹ 1,278	Free Wifi+Free parking	3 of 5 bubbles
78	Hotel Aura	₹ 1,613	Free Wifi+Restaurant	3.5 of 5 bubbles
79	Ashok Country Resort	₹ 2,387	Free Wifi+Free parking	3 of 5 bubbles
80	Shervani Nehru Place	₹ 2,500	Free Wifi+Free parking	4 of 5 bubbles
81	Hotel Divine Paradise	₹ 3,510	Free Wifi+Free parking	3.5 of 5 bubbles
82	The Estate Villa	₹ 6,160	Free Wifi+Free parking	4.5 of 5 bubbles
83	Caspia Hotel New Delhi Shalimar Bagh	₹ 2,481	Free Wifi+Free parking	4 of 5 bubbles
84	Hotel Rama Deluxe	₹ 2,128	Free Wifi+Free parking	3.5 of 5 bubbles
85	Hotel Hari Piorko	₹ 1,172	Free Wifi+Restaurant	4 of 5 bubbles
86	PodStop	₹ 599	Free Wifi+Free parking	4 of 5 bubbles
87	The Pearl Hotel	₹ 840	Free Wifi+Restaurant	3 of 5 bubbles
88	Seven Seas Hotel	₹ 5,600	Free Wifi+Free parking	4.5 of 5 bubbles
89	Hotel Surya International	₹ 1,772	Free Wifi+Free parking	4 of 5 bubbles
90	The Neem	₹ 3,349	Free Wifi+Free parking	4.5 of 5 bubbles
91	On The House	₹ 2,591	Free Wifi+Free parking	4.5 of 5 bubbles
92	Hotel Shelton	₹ 1,128	Free Wifi+Restaurant	4 of 5 bubbles
93	Rockland Hotel C R Park	₹ 3,679	Free Wifi+Free parking	4 of 5 bubbles
94	Smyle Inn	₹ 761	Free Wifi	4 of 5 bubbles
95	Hide-In Hostel Delhi	₹ 2,015	Free Wifi+Free parking	4.5 of 5 bubbles
96	Hotel Rupam	₹ 1,444	Free Wifi+Restaurant	4.5 of 5 bubbles
97	Hotel Jivitesh	₹ 3,711	Free Wifi+Free parking	4 of 5 bubbles
98	Hotel Aman Continental	₹ 2,519	Free Wifi+Restaurant	4 of 5 bubbles
99	Svelte Hotel and Personal Suites	₹ 8,846	Free parking+Pool	3.5 of 5 bubbles
100	Capital O 16011 Hotel Mohan International	₹ 2,015	Free Wifi+Restaurant	4 of 5 bubbles
101	The JRD Luxury Boutique Hotel	₹ 1,630	Free Wifi+Free parking	4 of 5 bubbles
102	Hotel Persona International	₹ 1,663	Free Wifi+Free parking	4 of 5 bubbles
103	Hotel Regent Grand	₹ 2,735	Free Wifi+Free parking	4 of 5 bubbles
104	Colonels Retreat 2	₹ 2,961	Free Wifi+Free parking	5 of 5 bubbles
105	New King Hotel	₹ 500	Free Wifi	4 of 5 bubbles
106	Anand Bhawan	₹ 3,058	Free Wifi+Free parking	4.5 of 5 bubbles
107	FabHotel Aries	₹ 2,065	Free Wifi+Restaurant	4.5 of 5 bubbles
108	Trimrooms Palm D'or @ New Delhi Railway Station	₹ 1,485	Free Wifi+Free parking	3.5 of 5 bubbles
109	Kuldeep Friends Hostel	₹ 500	Free Wifi	4 of 5 bubbles
110	Sarovar Portico Naraina	₹ 3,205	Free Wifi+Free parking	4 of 5 bubbles
111	FabHotel Marble Arch Karol Bagh	₹ 1,934	Free Wifi+Restaurant	4 of 5 bubbles
112	Hotel Ritz	₹ 2,071	Free Wifi+Free parking	4 of 5 bubbles
113	Avalon Courtyard	₹ 5,600	Free Wifi+Free parking	4 of 5 bubbles
114	Hotel Grand Imperial	₹ 2,500	Free Wifi+Free parking	4 of 5 bubbles
115	Anila Boutique Hotel	₹ 3,808	Free Wifi+Free parking	3.5 of 5 bubbles
116	The Ashok	₹ 5,039	Free Wifi+Free parking	3 of 5 bubbles
117	Hotel Golden Oasis	₹ 990	Free Wifi+Restaurant	4 of 5 bubbles
118	Classic Diplomat - New Delhi	₹ 2,298	Free Wifi+Free parking	3.5 of 5 bubbles
119	Hotel North Avenue by Spree	₹ 3,971	Free Wifi+Free parking	4 of 5 bubbles
120	Tatvamasi Homestay	₹ 2,463	Free Wifi+Free parking	5 of 5 bubbles
121	Tree Of Life	₹ 2,964	Free Wifi+Free parking	5 of 5 bubbles
122	Grace Home	₹ 1,443	Free Wifi	5 of 5 bubbles
123	Crowne Plaza Today New Delhi Okhla	₹ 3,370	Free Wifi+Free parking	4.5 of 5 bubbles
124	Crowne Plaza New Delhi Rohini	₹ 5,310	Free parking+Pool	4.5 of 5 bubbles
125	Eleven	₹ 7,605	Free Wifi	5 of 5 bubbles
126	Thikana	₹ 4,081	Free Wifi+Free parking	5 of 5 bubbles
127	Madpackers Delhi	₹ 1,512	Free Wifi	4.5 of 5 bubbles
128	Shanti Home	₹ 4,271	Free Wifi+Restaurant	4.5 of 5 bubbles
129	Jugaad Hostels	₹ 2,268	Free Wifi	4.5 of 5 bubbles
130	The Legend Inn	₹ 1,814	Free Wifi+Free parking	4.5 of 5 bubbles
131	Megha Homestay	₹ 3,584	Free Wifi+Free parking	4.5 of 5 bubbles
132	Hotel Sunstar Heritage	₹ 3,248	Free Wifi+Restaurant	4.5 of 5 bubbles
133	Taj Mahal Hotel	₹ 11,800	Free parking+Pool	4.5 of 5 bubbles
134	Suncourt Hotel Yatri	₹ 2,240	Free parking+Restaurant	4.5 of 5 bubbles
135	Sai Villa	₹ 4,095	Free Wifi	4.5 of 5 bubbles
136	bloomrooms @ Janpath	₹ 16,650	Free Wifi+Restaurant	4.5 of 5 bubbles
137	Master Bed and Breakfast	₹ 2,688	Free Wifi+Free parking	4.5 of 5 bubbles
138	La Sagrita	₹ 7,829	Free Wifi+Restaurant	4.5 of 5 bubbles
139	Zostel Delhi	₹ 1,700	Free Wifi	4.5 of 5 bubbles
140	Joey's Hostel	₹ 971	Free Wifi	4.5 of 5 bubbles
141	Hotel Palace Heights	₹ 4,557	Free Wifi+Restaurant	4.5 of 5 bubbles
142	Hotel Le Cadre	₹ 3,360	Free Wifi+Free parking	3.5 of 5 bubbles
143	Bed and Chai Guest House	₹ 1,792	Free Wifi	4.5 of 5 bubbles
144	Hotel Kundan Palace, Jasola	₹ 850	Free Wifi+Free parking	3.5 of 5 bubbles
145	The Beaufort Inn	₹ 3,286	Free Wifi+Room service	4.5 of 5 bubbles
146	A One Rooms by Alsafar India	₹ 923		5 of 5 bubbles
147	Hotel The Karlo Kastle	₹ 3,135	Free Wifi+Restaurant	5 of 5 bubbles
148	Treebo Trend Hotel Mohit	₹ 1,655	Free Wifi+Restaurant	3.5 of 5 bubbles
149	The Imperial Hotel	₹ 25,370	Free parking+Pool	4.5 of 5 bubbles
150	Home@F37	₹ 2,720	Free Wifi+Free parking	4.5 of 5 bubbles
151	Country Inn & Suites by Radisson, Delhi Saket	₹ 8,225	Free Wifi+Free parking	4 of 5 bubbles
152	Hotel Kabli	₹ 1,565	Free Wifi+Free parking	4.5 of 5 bubbles
153	Hotel Cosy Grand	₹ 3,536	Free Wifi+Free parking	4 of 5 bubbles
154	Hotel Godwin Deluxe	₹ 2,784	Free Wifi+Free parking	4.5 of 5 bubbles
155	Hotel Arjun	₹ 1,455	Free Wifi+Room service	4.5 of 5 bubbles
156	Check In Room Sangatrashan	₹ 2,239	Free Wifi+Restaurant	5 of 5 bubbles
157	Moustache Hostel Delhi	₹ 1,737	Free Wifi+Free parking	5 of 5 bubbles
158	GG Bed and Breakfast	₹ 4,939	Free Wifi+Free parking	5 of 5 bubbles
159	The Prime Balaji Deluxe @ New Delhi Railway Station Hotel	₹ 1,874	Free Wifi+Restaurant	4 of 5 bubbles
160	Treebo Trend Natraj Yes Please	₹ 1,798	Free Wifi+Restaurant	4 of 5 bubbles
161	Bunkmates	₹ 359	Free Wifi+Restaurant	5 of 5 bubbles
162	B Nineteen (B-19) Bed & Breakfast	₹ 9,027	Free Wifi+Free parking	4.5 of 5 bubbles
163	Siesta Basil - Okhla	₹ 2,012	Free Wifi+Free parking	4.5 of 5 bubbles
164	Hotel Tara Palace Chandni Chowk	₹ 2,690	Free Wifi+Restaurant	4 of 5 bubbles
165	Taj Princess Hotel	₹ 4,435	Free Wifi+Restaurant	4 of 5 bubbles
166	The Hans Hotel	₹ 8,819	Free parking+Restaurant	3.5 of 5 bubbles
167	FabHotel Jasmine Boutique	₹ 2,587	Free Wifi+Free parking	4.5 of 5 bubbles
168	Hotel Suncourt Corporate	₹ 1,904	Free Wifi+Free parking	4.5 of 5 bubbles
169	Ahuja Residency Sunder Nagar	₹ 4,977	Free Wifi+Free parking	4 of 5 bubbles
170	Jaypee Siddharth	₹ 3,830	Free Wifi+Free parking	4.5 of 5 bubbles
171	Hotel All Iz Well	₹ 1,443	Free Wifi+Restaurant	4 of 5 bubbles
172	Bajaj Indian Home Stay	₹ 2,070	Free Wifi+Restaurant	4.5 of 5 bubbles
173	Hotel Grand Park Inn	₹ 2,671	Free Wifi+Restaurant	4 of 5 bubbles
174	The Visaya	₹ 5,157	Free Wifi+Free parking	4 of 5 bubbles
175	Check In Room Main Bazar	₹ 2,127	Free Wifi+Restaurant	5 of 5 bubbles
176	Hotel Meridian Plaza	₹ 3,075	Free Wifi+Free parking	4 of 5 bubbles
177	Hotel Nirmal Mahal	₹ 929	Free Wifi+Restaurant	4.5 of 5 bubbles
178	Hotel Eternity	₹ 3,113	Free Wifi+Free parking	4.5 of 5 bubbles
179	Hotel Nitya Maharani	₹ 1,920	Free Wifi+Free parking	4.5 of 5 bubbles
180	Hotel City Empire	₹ 2,016	Free Wifi	4.5 of 5 bubbles
181	Indee Home	₹ 3,360	Free Wifi+Free parking	4.5 of 5 bubbles
182	Pals Inn	₹ 2,856	Free Wifi+Restaurant	4.5 of 5 bubbles
183	Hotel Le Roi Delhi	₹ 2,015	Free Wifi+Free parking	4 of 5 bubbles
184	Hotel Su Shree Continental	₹ 864	Free Wifi+Restaurant	4 of 5 bubbles
185	Hotel Toronto	₹ 1,507	Free parking+Room service	4 of 5 bubbles
186	OYO 2902 Hotel Lal's Haveli	₹ 1,879	Free Wifi+Free parking	4 of 5 bubbles
187	Hotel Hill Palace	₹ 1,328	Free Wifi+Free parking	4.5 of 5 bubbles
188	Hotel The Spot	₹ 924	Free Wifi	4 of 5 bubbles
189	Ramada by Wyndham New Delhi Pitampura	₹ 3,808	Free Wifi+Free parking	5 of 5 bubbles
190	Hotel Gold Souk	₹ 1,568	Free Wifi+Free parking	4.5 of 5 bubbles
191	Hotel Golden Grand	₹ 3,329	Free Wifi+Free parking	4 of 5 bubbles
192	Hotel Cabana	₹ 2,794	Free Wifi+Restaurant	4.5 of 5 bubbles
193	Hotel Pooja Palace	₹ 1,577	Free Wifi+Restaurant	4 of 5 bubbles
194	The Hosteller	₹ 3,415	Free Wifi+Free parking	4.5 of 5 bubbles
195	Hotel La Suite	₹ 3,500	Free Wifi+Free parking	4 of 5 bubbles
196	LetsBunk Poshtel	₹ 2,419	Free Wifi	4.5 of 5 bubbles
197	Hotel Taksh Inn	₹ 975	Free Wifi+Room service	4.5 of 5 bubbles
198	Elina Bed And Breakfast	₹ 2,688	Free Wifi+Free parking	4.5 of 5 bubbles
199	Metropolis Tourist Home	₹ 1,342	Free Wifi+Restaurant	4 of 5 bubbles
200	Treebo Trend Citi International	₹ 2,341	Free Wifi+Free parking	4 of 5 bubbles
201	Deer Park Villa	₹ 3,024	Free Wifi+Free parking	4.5 of 5 bubbles
202	Hotel Jaggi Palace	₹ 1,635	Free Wifi+Free parking	4.5 of 5 bubbles
203	Dewdrop Intercity Hotel	₹ 1,655	Free Wifi+Restaurant	4 of 5 bubbles
204	Crest Inn Hotel New Delhi	₹ 2,095	Free Wifi+Free parking	4 of 5 bubbles
205	Hotel S.B. Inn	₹ 784	Free Wifi	4 of 5 bubbles
206	The Stay Inn	₹ 3,920	Free Wifi+Restaurant	4.5 of 5 bubbles
207	76 Friends Colony	₹ 5,686	Free Wifi+Free parking	4.5 of 5 bubbles
208	Hotel Shimla Heritage	₹ 1,106	Free Wifi+Free parking	4 of 5 bubbles
209	Capital O 2382 Hotel White House Continental	₹ 2,352	Free Wifi+Free parking	4.5 of 5 bubbles
210	Hotel Amrapali Grand	₹ 3,582	Free Wifi+Restaurant	4 of 5 bubbles
211	Capital O 312 Hotel Aster Inn	₹ 2,632	Free Wifi+Free parking	4 of 5 bubbles
212	Hotel Clark International	₹ 3,136	Free Wifi+Free parking	3.5 of 5 bubbles
213	Prakash Kutir B&B	₹ 2,872	Free Wifi+Room service	4.5 of 5 bubbles
214	Villa 33	₹ 3,136	Free Wifi+Free parking	4 of 5 bubbles
215	Check In Room New Delhi Railway Station	₹ 2,239	Free Wifi+Restaurant	5 of 5 bubbles
216	Amigos India	₹ 1,795	Free Wifi+Free parking	4.5 of 5 bubbles
217	Ameya Suites, New Delhi	₹ 3,696	Free Wifi+Free parking	4.5 of 5 bubbles
218	Hotel Saar Inn	₹ 4,423	Free Wifi+Free parking	4 of 5 bubbles
219	CP VILLA Bed and Breakfast	₹ 3,360	Free Wifi+Free parking	4.5 of 5 bubbles
220	Hotel Singh Empire Dx	₹ 1,663	Free Wifi+Free parking	4 of 5 bubbles
221	Anara Homes & Villas - Greater Kailash II	₹ 3,293	Free Wifi+Free parking	4.5 of 5 bubbles
222	D Pavillon - Boutique Hotel	₹ 2,519	Free parking+Restaurant	4.5 of 5 bubbles
223	Vandana's Bed and Breakfast	₹ 2,067	Free Wifi+Free parking	4.5 of 5 bubbles
224	Trimrooms Star Plaza	₹ 1,271	Free Wifi+Restaurant	3.5 of 5 bubbles
225	Hotel Rama Inn	₹ 1,155	Free Wifi+Free parking	4 of 5 bubbles
226	Hotel Shanti Plaza	₹ 1,457	Free Wifi+Free parking	4.5 of 5 bubbles
227	Almondz Hotel	₹ 3,680	Free Wifi+Free parking	3.5 of 5 bubbles
228	Jyoti Mahal	₹ 2,348	Free Wifi+Restaurant	3.5 of 5 bubbles
229	Saket 27	₹ 3,667	Free Wifi+Free parking	4 of 5 bubbles
230	Capital O 1206 Hotel Silver Stone	₹ 1,333	Free Wifi+Free parking	4 of 5 bubbles
231	Evoke Lifestyle	₹ 6,579	Free Wifi+Free parking	4 of 5 bubbles
232	Treebo Trend B Continental	₹ 3,592	Free Wifi+Restaurant	4 of 5 bubbles
233	Zaza Stay	₹ 2,737	Free Wifi+Free parking	4.5 of 5 bubbles
234	Hotel Kings Inn	₹ 915	Free Wifi+Room service	4 of 5 bubbles
235	Hotel Delhi 55	₹ 2,254	Free Wifi+Free parking	4 of 5 bubbles
236	Hotel Singh International	₹ 2,982	Free Wifi+Free parking	4 of 5 bubbles
237	FabHotel Cabana GK1	₹ 4,231	Free Wifi+Free parking	4 of 5 bubbles
238	Hotel Sohi Residency	₹ 2,855	Free Wifi+Free parking	4 of 5 bubbles
239	J P Hotel & Resort	₹ 4,838	Free Wifi+Free parking	4 of 5 bubbles
240	Inn Tawang	₹ 2,099	Free Wifi+Free parking	4 of 5 bubbles
241	Hotel Parkway Deluxe	₹ 1,477	Free Wifi+Free parking	4 of 5 bubbles
242	Hotel Diplomat Residency	₹ 3,129	Free Wifi	4 of 5 bubbles
243	Hotel MGM Residency	₹ 3,359	Free Wifi+Free parking	4.5 of 5 bubbles
244	OYO 572 Hotel Amrit Villa	₹ 2,520	Free Wifi+Restaurant	4.5 of 5 bubbles
245	Hotel Aman International	₹ 1,344	Free Wifi+Free parking	4 of 5 bubbles
246	Treebo Trend Paras International	₹ 1,523	Free Wifi+Room service	4 of 5 bubbles
247	Check In Room R K Ashram	₹ 2,599	Free Wifi+Free parking	5 of 5 bubbles
248	The Allure - A Boutique Hotel	₹ 3,024	Free Wifi+Free parking	4 of 5 bubbles
249	Hotel Sita International	₹ 1,344	Free Wifi+Free parking	4 of 5 bubbles
250	Hotel Shanti Villa	₹ 1,903	Free Wifi+Free parking	4 of 5 bubbles
251	Cottage Yes Please	₹ 1,903	Free Wifi	3.5 of 5 bubbles
252	Hotel Unistar	₹ 1,263	Free Wifi+Free parking	4 of 5 bubbles
253	Hotel Metro View	₹ 2,325	Free Wifi+Restaurant	3.5 of 5 bubbles
254	Hotel Palm Greens	₹ 3,599	Free Wifi+Free parking	4 of 5 bubbles
255	Hotel Tashkent Palace	₹ 1,800	Free Wifi+Restaurant	4 of 5 bubbles
256	Centra Inn	₹ 2,441	Free Wifi+Free parking	4 of 5 bubbles
257	Alpina Hotels & Suites	₹ 7,056	Free Wifi+Free parking	4 of 5 bubbles
258	Hotel Le Seasons	₹ 2,356	Free Wifi+Free parking	3.5 of 5 bubbles
259	Indus Biznotel	₹ 5,711	Free Wifi+Free parking	4 of 5 bubbles
260	Hotel Glow Inn	₹ 824	Free Wifi+Room service	4 of 5 bubbles
261	TG Tashkent Hotel	₹ 1,679	Free Wifi+Restaurant	4 of 5 bubbles
262	SABS Homestay	₹ 3,920	Free Wifi+Free parking	5 of 5 bubbles
263	Hotel Ivory 32	₹ 2,800	Free Wifi+Free parking	4 of 5 bubbles
264	Treebo Trend AND	₹ 3,794	Free Wifi+Free parking	4.5 of 5 bubbles
265	Datstop Hostel	₹ 2,250	Free Wifi+Free parking	4.5 of 5 bubbles
266	FabHotel Prime The JK	₹ 2,688	Free Wifi+Free parking	4.5 of 5 bubbles
267	Hotel Pitrashish Premium	₹ 2,799	Free Wifi+Free parking	4.5 of 5 bubbles
268	Comfort BnB	₹ 2,573	Free Wifi+Free parking	4.5 of 5 bubbles
269	Treebo Trend S&B East Inn	₹ 2,572	Free Wifi+Free parking	4 of 5 bubbles
270	Emblem Hotel, New Friends Colony	₹ 3,192	Free Wifi+Free parking	4 of 5 bubbles
271	Capital O 2242 Hotel Yuvraj Deluxe	₹ 1,847	Free Wifi+Restaurant	4 of 5 bubbles
272	Hotel Aerocity Purple Orchid	₹ 1,423	Free Wifi+Free parking	4.5 of 5 bubbles
273	Jaypore House	₹ 3,023	Free Wifi+Free parking	4.5 of 5 bubbles
274	Mehra Residency at the Airport	₹ 2,330	Free Wifi+Free parking	4 of 5 bubbles
275	Hotel Blue Pearl Paharganj	₹ 1,434	Free Wifi+Restaurant	4 of 5 bubbles
276	The R Blues Hotel	₹ 3,284	Free Wifi+Free parking	4 of 5 bubbles
277	Hotel Swati	₹ 2,333	Free Wifi+Restaurant	4 of 5 bubbles
278	Hotel Swaran Palace	₹ 2,341	Free Wifi+Room service	3.5 of 5 bubbles
279	FabHotel Prime Shervani	₹ 2,616	Free Wifi+Free parking	3.5 of 5 bubbles
280	Tobo Stays	₹ 890		5 of 5 bubbles
281	YWCA International Hostel	₹ 3,200	Free Wifi+Free parking	4 of 5 bubbles
282	Hotel Park Residency	₹ 1,774	Free Wifi+Free parking	4 of 5 bubbles
283	FabHotel White Klove Paharganj	₹ 1,697	Free Wifi+Free parking	3.5 of 5 bubbles
284	Trendy Bed and Breakfast	₹ 2,042	Free Wifi+Free parking	4 of 5 bubbles
285	Orania B&B	₹ 2,325	Free Wifi+Free parking	4.5 of 5 bubbles
286	JRD Exotica	₹ 3,345	Free Wifi+Free parking	4 of 5 bubbles
287	Rainbow Residency	₹ 4,480	Free Wifi+Free parking	4 of 5 bubbles
288	Hotel Aiwan-e-Shahi	₹ 3,060	Free parking+Restaurant	4 of 5 bubbles
289	JRD Pride	₹ 2,338	Free Wifi+Free parking	4 of 5 bubbles
290	Hotel Metropolitan	₹ 2,092	Free Wifi+Free parking	4 of 5 bubbles
291	Hotel Tourist Deluxe	₹ 1,971	Free Wifi+Free parking	4 of 5 bubbles
292	Hotel Sai Miracle	₹ 3,024	Free Wifi+Free parking	4 of 5 bubbles
293	New Frontier Hotel	₹ 1,344	Restaurant+Room service	4.5 of 5 bubbles
294	Hotel Bellvue	₹ 2,799	Free Wifi+Free parking	4 of 5 bubbles
295	OYO 696 Hotel Euro Star International	₹ 989	Free Wifi+Free parking	3.5 of 5 bubbles
296	OYO 16449 Signature Stay's	₹ 1,038	Free Wifi+Room service	4.5 of 5 bubbles
297	Mapple Express	₹ 3,090	Free Wifi+Restaurant	3.5 of 5 bubbles
298	Hotel Rousha Inn	₹ 2,351	Free Wifi+Restaurant	4 of 5 bubbles
299	Hotel Singh Palace	₹ 2,016	Free Wifi+Restaurant	4 of 5 bubbles
300	Hotel Benz International	₹ 2,072	Restaurant+Room service	4.5 of 5 bubbles
301	Prem Sagar Guest House	₹ 3,920	Free Wifi+Free parking	3.5 of 5 bubbles
302	Hotel Red Castle	₹ 3,919	Free Wifi+Free parking	4.5 of 5 bubbles
303	Hotel Sewa Grand	₹ 3,808	Free Wifi+Free parking	4 of 5 bubbles
304	The Grand Uddhav	₹ 2,799	Free Wifi+Free parking	4 of 5 bubbles
305	Sweet Holiday Home	₹ 3,584	Free Wifi+Free parking	4.5 of 5 bubbles
306	Mapple Emerald	₹ 5,337	Free Wifi+Free parking	3.5 of 5 bubbles
307	Hotel Shubham Vilas	₹ 1,868	Free Wifi+Restaurant	4.5 of 5 bubbles
308	Woodapple Residency	₹ 3,234	Free Wifi+Free parking	4.5 of 5 bubbles
309	Aamantran By Sampari Hospitality	₹ 1,343	Free Wifi+Free parking	5 of 5 bubbles
310	Hotel Mid Town	₹ 899	Free Wifi+Restaurant	4 of 5 bubbles
311	SUMEDHA Premium	₹ 2,894	Free Wifi+Free parking	4.5 of 5 bubbles
312	We At Home	₹ 1,456	Free Wifi+Free parking	5 of 5 bubbles
313	Hotel Tourist Lodge	₹ 4,256	Free Wifi+Restaurant	4 of 5 bubbles
314	Hotel Jeniffer Inn	₹ 1,864	Restaurant+Room service	3.5 of 5 bubbles
315	Capital O 1986 Hotel Heritage	₹ 1,029	Free Wifi+Restaurant	4 of 5 bubbles
316	Hotel Grand President	₹ 2,521	Restaurant+Room service	3.5 of 5 bubbles
317	Hotel Aira Xing	₹ 999	Free Wifi+Free parking	4 of 5 bubbles
318	Hotel Raj	₹ 1,238	Free Wifi+Restaurant	3.5 of 5 bubbles
319	Evergreen Delhi - Bed & Breakfast	₹ 2,054	Free Wifi+Free parking	4.5 of 5 bubbles
320	La Residenza	₹ 2,464	Free Wifi+Free parking	4 of 5 bubbles
321	OYO 5943 TJS Grand	₹ 821	Free Wifi+Free parking	3.5 of 5 bubbles
322	Hotel Private Affair	₹ 4,622	Free Wifi+Free parking	3.5 of 5 bubbles
323	Hotel Kama Palace	₹ 1,680	Free Wifi+Free parking	4.5 of 5 bubbles
324	Ikhaya Hotels	₹ 4,334		4.5 of 5 bubbles
325	Hotel Golden Wings	₹ 899	Free Wifi+Room service	3.5 of 5 bubbles
326	Aashianaa Gracious Living	₹ 3,349	Free Wifi+Free parking	4 of 5 bubbles
327	Hotel Paradise Inn	₹ 5,207	Free Wifi+Restaurant	4 of 5 bubbles
328	Yes Boss By Backpackers Heaven	₹ 540	Free Wifi+Room service	3.5 of 5 bubbles
329	Apartment 52	₹ 23,600	Free Wifi+Room service	4 of 5 bubbles
330	Runway Residency	₹ 2,430	Free Wifi+Room service	5 of 5 bubbles
331	Hotel Mannat International	₹ 1,567	Free Wifi+Free parking	5 of 5 bubbles
332	OYO 2705 Hotel Preet Palace	₹ 1,693	Free Wifi+Room service	4 of 5 bubbles
333	FabHotel Aashraye	₹ 2,069	Free Wifi+Free parking	4 of 5 bubbles
334	Airport Hotel Delhi Aerocity	₹ 1,616	Free Wifi+Free parking	4 of 5 bubbles
335	OYO 15567 Hotel Amar International	₹ 1,232		4.5 of 5 bubbles
336	OYO 9570 Pulse Impulse BnB	₹ 1,901	Free Wifi+Free parking	4 of 5 bubbles
337	OYO 7634 Hotel Delhi Continental	₹ 1,029	Restaurant+Room service	4 of 5 bubbles
338	Hotel Indo Continental	₹ 2,000	Free Wifi+Free parking	4 of 5 bubbles
339	Hotel Ganga Azure	₹ 2,744	Free Wifi+Free parking	4.5 of 5 bubbles
340	Hotel Star View	₹ 1,601	Free Wifi+Restaurant	3.5 of 5 bubbles
341	Sonu Guest House	₹ 974	Free Wifi+Free parking	4 of 5 bubbles
342	Hotel Shreeram Deluxe	₹ 586	Free Wifi+Free parking	4 of 5 bubbles
343	Hotel Good Times	₹ 1,763	Free Wifi+Restaurant	3 of 5 bubbles
344	Hotel Picasso Paschim Vihar	₹ 2,912	Free Wifi+Free parking	4 of 5 bubbles
345	The Sunder	₹ 1,365	Free Wifi+Free parking	3.5 of 5 bubbles
346	OYO 14710 Hotel Pallvi Palace	₹ 880	Free parking+Room service	3.5 of 5 bubbles
347	Secludecity - Safdarjung Enclave	₹ 12,744	Free Wifi	5 of 5 bubbles
348	East End Retreat	₹ 2,911	Free Wifi+Free parking	4.5 of 5 bubbles
349	OYO 2680 Hotel Presidency	₹ 2,015	Free Wifi+Free parking	4 of 5 bubbles
350	FabHotel Star Delhi Airport	₹ 1,857	Free Wifi+Free parking	3.5 of 5 bubbles
351	Hotel d'Presidente	₹ 2,703	Free Wifi+Free parking	4 of 5 bubbles
352	Hotel Swati Deluxe	₹ 2,710	Free Wifi+Free parking	3.5 of 5 bubbles
353	Hotel Florence	₹ 1,882	Free Wifi+Restaurant	4 of 5 bubbles
354	Raj Mahal Inn	₹ 962	Free Wifi+Free parking	3.5 of 5 bubbles
355	Destiny House	₹ 2,016	Free Wifi+Free parking	4.5 of 5 bubbles
356	Hotel Good Palace	₹ 1,571	Free Wifi+Restaurant	3.5 of 5 bubbles
357	Amara Hotel	₹ 2,688	Free Wifi+Free parking	3.5 of 5 bubbles
358	OYO Premium Anand Vihar	₹ 3,239	Free Wifi+Free parking	4.5 of 5 bubbles
359	China Town	₹ 1,814	Free Wifi+Restaurant	3.5 of 5 bubbles
360	Hotel Chanchal Deluxe	₹ 941	Free Wifi+Restaurant	3.5 of 5 bubbles
361	Hotel Suzi International By Hello Hotels	₹ 1,428	Free Wifi+Free parking	4 of 5 bubbles
362	Hotel Shanti Palace (Patel Nagar)	₹ 2,393	Free Wifi+Restaurant	3.5 of 5 bubbles
363	Hotel Le Mem	₹ 1,959	Free Wifi+Free parking	4 of 5 bubbles
364	Hotel Comfort Zone	₹ 2,519	Free Wifi+Free parking	3.5 of 5 bubbles
365	Sundeep Inn	₹ 2,352	Free Wifi+Free parking	3.5 of 5 bubbles
366	OYO 23677 Hotel Marina	₹ 814		4.5 of 5 bubbles
367	OYO 13028 Jhanvi palace	₹ 821	Free Wifi+Free parking	5 of 5 bubbles
368	OYO 510 Hotel Chand Palace	₹ 2,878	Free parking+Restaurant	3.5 of 5 bubbles
369	Hotel Baba Inn	₹ 1,164	Free Wifi+Room service	3.5 of 5 bubbles
370	FabHotel Divine Inn Hotel	₹ 3,360	Free Wifi+Free parking	4 of 5 bubbles
371	OYO 5387 Hotel Arihant Inn	₹ 1,792	Free Wifi+Free parking	3.5 of 5 bubbles
372	Hotel Chanchal Continental	₹ 941	Free Wifi+Room service	3.5 of 5 bubbles
373	Sydney Grand Hotel & Resort	₹ 5,100	Free Wifi+Free parking	3.5 of 5 bubbles
374	Hotel Kabeer	₹ 1,516	Free Wifi+Free parking	3.5 of 5 bubbles
375	LilyWhite Hotel	₹ 5,320	Free Wifi+Free parking	3.5 of 5 bubbles
376	Golden Palm Suites	₹ 2,412	Free Wifi+Free parking	4 of 5 bubbles
377	Hotel The Vegas	₹ 868	Free Wifi+Free parking	3.5 of 5 bubbles
378	Hotel Raj Palace	₹ 2,520	Free Wifi	4.5 of 5 bubbles
379	Hotel Jukaso Inn Down Town	₹ 2,722	Restaurant+Room service	3.5 of 5 bubbles
380	Hotel Atithi Palace	₹ 2,772	Free Wifi+Free parking	3.5 of 5 bubbles
381	Hotel Alka Classic	₹ 2,296	Restaurant+Room service	3 of 5 bubbles
382	FabHotel Namaste BnB	₹ 2,378	Free Wifi+Free parking	4 of 5 bubbles
383	OYO 23368 Boutique Hotel Paragon	₹ 1,084	Free parking+Restaurant	5 of 5 bubbles
384	The Hermitage Hotel (By Cosy Hotels)	₹ 3,456	Free Wifi+Free parking	4 of 5 bubbles
385	Amidst Monuments and Serenity	₹ 4,480	Free Wifi+Free parking	4.5 of 5 bubbles
386	Hotel Green Palace	₹ 2,016	Free Wifi+Free parking	4.5 of 5 bubbles
387	Hotel Star Shine	₹ 1,999	Free Wifi+Free parking	4.5 of 5 bubbles
388	Hotel Green Lotus	₹ 2,050	Free Wifi+Free parking	3.5 of 5 bubbles
389	OYO 2984 Hotel Sun City	₹ 3,821	Free Wifi+Free parking	3.5 of 5 bubbles
390	Hotel TJS Royale	₹ 1,031	Free Wifi+Free parking	3.5 of 5 bubbles
391	Hotel Tourist	₹ 991	Free Wifi+Free parking	4 of 5 bubbles
392	OYO 9149 Hotel Delhi Aerocity Inn	₹ 1,208	Free Wifi+Free parking	3.5 of 5 bubbles
393	OYO 12982 Hotel Oris International	₹ 2,584	Free Wifi+Restaurant	3.5 of 5 bubbles
394	Indira Hotel	₹ 2,951	Free Wifi+Restaurant	4.5 of 5 bubbles
395	Hotel Malik Continental	₹ 2,296	Free Wifi+Free parking	3.5 of 5 bubbles
396	Kings Heritage Plaza	₹ 2,240	Free Wifi+Free parking	4 of 5 bubbles
397	OYO 27928 Metropolis Guest House	₹ 1,750	Free Wifi+Free parking	4 of 5 bubbles
398	OYO Premium GK 1	₹ 4,200	Free Wifi+Free parking	5 of 5 bubbles
399	Dee Marks Hotel & Resorts	₹ 3,494	Free Wifi+Free parking	3 of 5 bubbles
400	OYO 4258 Hari's Court Inns & Hotels	₹ 4,961	Free Wifi+Free parking	3.5 of 5 bubbles
401	OYO 6124 Lord Krishna Dx Inn	₹ 1,904	Free Wifi+Restaurant	3.5 of 5 bubbles
402	Hotel Blessings	₹ 2,634	Free parking+Room service	3.5 of 5 bubbles
403	Hotel Shree Radhe Krishan	₹ 899	Free Wifi+Free parking	4.5 of 5 bubbles
404	Hotel Tushar Continental	₹ 1,332	Free Wifi+Restaurant	4 of 5 bubbles
405	Hotel Green Lotus - Dwarka	₹ 1,326	Free Wifi+Free parking	3.5 of 5 bubbles
406	Hotel Raj Hans Deluxe	₹ 880	Free Wifi+Restaurant	4.5 of 5 bubbles
407	OYO 9042 Hotel City Stories 3	₹ 799	Free Wifi+Room service	4 of 5 bubbles
408	Petite Homestays	₹ 3,920	Free Wifi+Free parking	4 of 5 bubbles
409	Hotel Sky Rich International	₹ 1,862	Free Wifi+Pool	3.5 of 5 bubbles
410	Hotel Regent Intercontinental	₹ 2,906	Free Wifi+Free parking	3.5 of 5 bubbles
411	OYO 11593 Hotel Aman Guest House	₹ 1,071		4.5 of 5 bubbles
412	Hotel Jewel Palace	₹ 3,282	Free Wifi+Restaurant	4 of 5 bubbles
413	OYO Premium East of Kailash	₹ 1,782	Free Wifi+Free parking	5 of 5 bubbles
414	Collection O 45480 Metro View Inn	₹ 1,452	Free Wifi+Free parking	3.5 of 5 bubbles
415	Hotel Darpan Palace	₹ 1,000	Free Wifi+Room service	4 of 5 bubbles
416	OYO 3647 Hotel Rahul Palace	₹ 1,491	Free parking+Restaurant	3 of 5 bubbles
417	Hotel Polestar	₹ 1,624		5 of 5 bubbles
418	Krishna Residency	₹ 2,185	Free Wifi+Free parking	3.5 of 5 bubbles
419	Bunkin	₹ 1,720	Free Wifi+Free parking	4 of 5 bubbles
420	OYO 12754 Hotel The Best	₹ 1,680	Free Wifi+Free parking	4.5 of 5 bubbles
421	OYO 68163 Hotel Chandrika Inn	₹ 1,066	Restaurant+Room service	4.5 of 5 bubbles
422	Capital O 10938 Season Grand	₹ 1,639	Free Wifi+Free parking	4.5 of 5 bubbles
423	Hotel Pearl Plaza	₹ 3,237	Free Wifi+Restaurant	3.5 of 5 bubbles
424	Hotel Express 66	₹ 2,882	Free Wifi+Free parking	3.5 of 5 bubbles
425	The IC's Hotel	₹ 2,352	Free Wifi+Free parking	4.5 of 5 bubbles
426	OYO 43670 Hotel Apra Deluxe	₹ 1,667	Restaurant	3.5 of 5 bubbles
427	Bless Inn	₹ 2,239		4.5 of 5 bubbles
428	OYO 14586 South Delhi Hotels	₹ 804	Free Wifi+Free parking	4 of 5 bubbles
429	Maurya Heritage Hotel	₹ 1,680	Free Wifi+Restaurant	3.5 of 5 bubbles
430	Hotel Olive	₹ 1,792	Restaurant	4.5 of 5 bubbles
431	Hotel Aero Path	₹ 625	Free Wifi+Free parking	3.5 of 5 bubbles
432	ACE Residency	₹ 3,920	Free Wifi+Free parking	4 of 5 bubbles
433	Rani Castle Hotel	₹ 1,663	Free Wifi+Restaurant	4 of 5 bubbles
434	OYO 9147 Hotel Aerostay	₹ 999	Free Wifi+Restaurant	4.5 of 5 bubbles
435	Hotel Oakland	₹ 2,547	Free Wifi+Restaurant	5 of 5 bubbles
436	Luxury Inn	₹ 5,422		4.5 of 5 bubbles
437	Hotel Urban Inn	₹ 1,366	Free parking+Restaurant	3.5 of 5 bubbles
438	The Pamposh	₹ 2,923	Free Wifi+Free parking	3.5 of 5 bubbles
439	Hotel Asian Blue	₹ 589	Free Wifi+Free parking	4 of 5 bubbles
440	Hotel Kian	₹ 1,680	Free Wifi+Free parking	4 of 5 bubbles
441	Hotel Al Gulzar	₹ 1,671	Free Wifi+Restaurant	4 of 5 bubbles
442	Sailors Home	₹ 1,800		4 of 5 bubbles
443	OYO Rooms GK N Block Market	₹ 5,823	Free Wifi+Free parking	4.5 of 5 bubbles
444	OYO 542 Hotel Kalkaji Residency	₹ 1,469	Free Wifi+Free parking	4.5 of 5 bubbles
445	OYO 19608 Hotel Heritage Inn	₹ 761	Free Wifi+Free parking	3.5 of 5 bubbles
446	Hotel Shiv Dev International	₹ 1,490	Free Wifi+Free parking	3.5 of 5 bubbles
447	Capital O 3924 Durga International	₹ 1,344	Free Wifi+Free parking	3.5 of 5 bubbles
448	The Holt	₹ 1,945	Free Wifi+Free parking	4 of 5 bubbles
449	Super 51 Hotel	₹ 1,633	Free Wifi+Free parking	4 of 5 bubbles
450	Satwah Home Stay	₹ 2,240		4 of 5 bubbles
451	OYO 10795 Hotel RS Residency	₹ 1,024	Free Wifi+Free parking	4 of 5 bubbles
452	La Franso	₹ 899	Free Wifi+Free parking	4 of 5 bubbles
453	Sri Sai Inn	₹ 999	Free Wifi+Restaurant	4 of 5 bubbles
454	OYO 472 Hotel Sareen	₹ 1,201	Free Wifi+Free parking	4 of 5 bubbles
455	Hotel Raj International Deluxe	₹ 1,904	Free Wifi+Restaurant	4 of 5 bubbles
456	OYO 18633 Blue Triangle Family Hostel	₹ 3,696	Free parking+Restaurant	3 of 5 bubbles
457	OYO 11384 Hotel Diamond Blue	₹ 724	Free Wifi+Free parking	4 of 5 bubbles
458	Treebo Trend Nysha Palace	₹ 1,654	Free Wifi+Free parking	3.5 of 5 bubbles
459	The Fazar Guest House	₹ 1,680		4.5 of 5 bubbles
460	Glitz Westend Inn	₹ 2,132	Free Wifi+Free parking	3 of 5 bubbles
461	The Daanish Residency	₹ 2,136	Free Wifi+Free parking	3.5 of 5 bubbles
462	OYO 15515 Hotel Landmark Inn	₹ 1,270	Free Wifi+Room service	3.5 of 5 bubbles
463	Florence Inn	₹ 3,292	Free Wifi+Restaurant	4 of 5 bubbles
464	OYO 6786 Ashu Villa Guest House	₹ 1,600	Free Wifi+Free parking	3.5 of 5 bubbles
465	Airport Hotel Waves	₹ 2,687	Free Wifi+Free parking	3 of 5 bubbles
466	Excelente Hotel	₹ 3,583	Free Wifi+Free parking	4 of 5 bubbles
467	OYO 2599 Anantkoti Hotel	₹ 1,888	Free Wifi+Free parking	4 of 5 bubbles
468	Hotel Delhi Airport	₹ 998	Free Wifi+Free parking	3.5 of 5 bubbles
469	Hotel Tryfena	₹ 2,799	Free Wifi+Free parking	3.5 of 5 bubbles
470	Hotel Apple Villa	₹ 504	Free Wifi+Room service	3.5 of 5 bubbles
471	Hotel Sunview International	₹ 1,876	Free Wifi+Free parking	4.5 of 5 bubbles
472	Hotel Lord Grand	₹ 2,184		5 of 5 bubbles
473	Hotel Avalon	₹ 1,231	Free Wifi+Free parking	3.5 of 5 bubbles
474	OYO 8505 Hotel Ashu Palace	₹ 1,613	Restaurant+Room service	3 of 5 bubbles
475	Hotel Aerocity Golden	₹ 999		5 of 5 bubbles
476	Kastle Guest House	₹ 2,240	Free Wifi+Free parking	4 of 5 bubbles
477	The Exotica Grand	₹ 4,480	Free Wifi+Free parking	3.5 of 5 bubbles
478	Hotel Splash	₹ 1,791	Free Wifi+Free parking	4 of 5 bubbles
479	OYO 8352 Gera's Heritage	₹ 1,599	Free Wifi+Restaurant	4 of 5 bubbles
480	Stay Royal Bed n Breakfast	₹ 2,352	Free Wifi+Free parking	4.5 of 5 bubbles
481	OYO 10556 Hotel India International	₹ 946	Free Wifi+Restaurant	5 of 5 bubbles
482	Bonlon Inn	₹ 3,881	Free Wifi+Free parking	3.5 of 5 bubbles
483	Jashn Inn	₹ 3,695	Free Wifi+Free parking	3.5 of 5 bubbles
484	Zen Suites by Signum Hotels	₹ 3,920	Free Wifi+Room service	5 of 5 bubbles
485	Homestay	₹ 800	Free Wifi+Free parking	5 of 5 bubbles
486	Goel Residency	₹ 2,408	Free Wifi+Free parking	3.5 of 5 bubbles
487	OYO 16901 The Icon	₹ 2,463	Restaurant+Room service	3 of 5 bubbles
488	Treebo Trend Excellent	₹ 4,000	Free Wifi+Free parking	4 of 5 bubbles
489	Chopras Castle	₹ 999		5 of 5 bubbles
490	Hotel Salt	₹ 11,800	Restaurant	5 of 5 bubbles
491	Hotel C Park	₹ 2,016	Free Wifi+Free parking	3.5 of 5 bubbles
492	Airport Hotel P Palace	₹ 1,237	Free Wifi+Free parking	5 of 5 bubbles
493	Capital O 5410 Hotel Era International	₹ 1,061	Free Wifi+Free parking	3 of 5 bubbles
494	Hotel Mohan Regency	₹ 1,680		4 of 5 bubbles
495	Hotel Sarthak Palace	₹ 1,344	Free Wifi+Restaurant	3.5 of 5 bubbles
496	OYO 12190 Blue Umbrella	₹ 1,831	Free Wifi	4 of 5 bubbles
497	Hotel Picasso Prive	₹ 2,062	Free Wifi+Free parking	3.5 of 5 bubbles
498	Hotel VIP Deluxe	₹ 2,464	Room service	3.5 of 5 bubbles
499	OYO 28126 Charanpahari Hotel	₹ 862	Free Wifi+Free parking	4 of 5 bubbles
500	Hotel Regent Continental	₹ 1,502	Free Wifi+Free parking	3 of 5 bubbles
501	Hotel Fortuner	₹ 1,364	Free Wifi+Free parking	3.5 of 5 bubbles
502	Hotel Apra Inn	₹ 999	Free Wifi+Restaurant	3 of 5 bubbles
503	Capital O 13419 Green Palms	₹ 2,475	Free Wifi+Free parking	3.5 of 5 bubbles
504	Hotel Gold Inn	₹ 3,749	Free Wifi+Restaurant	3 of 5 bubbles
505	OYO 8479 Hotel Ambience	₹ 2,070	Free Wifi+Free parking	3.5 of 5 bubbles
506	Hotel Pitrashish Grand	₹ 1,843	Free Wifi+Restaurant	3.5 of 5 bubbles
507	Capital O 7075 The Oakland Plaza Hotel	₹ 2,547	Free Wifi+Free parking	3.5 of 5 bubbles
508	Delhi Home Stay	₹ 960		5 of 5 bubbles
509	Solitaire Hotel	₹ 2,699	Free Wifi+Restaurant	3.5 of 5 bubbles
510	Solitaire Hotel	₹ 2,699	Free Wifi+Restaurant	3.5 of 5 bubbles
511	A & M Ressidency	₹ 2,899	Free Wifi+Free parking	4 of 5 bubbles
512	Treebo Trend Sisley the Boutique	₹ 2,808	Free Wifi+Restaurant	3 of 5 bubbles
513	FabHotel Twin Tree Naraina	₹ 1,999	Free Wifi+Free parking	3.5 of 5 bubbles
514	Dwarkadhish Inter-Continental	₹ 999	Room service	3.5 of 5 bubbles
515	Brookwood Gardens	₹ 3,319	Free parking+Pool	4 of 5 bubbles
516	Dream Palace Hotel	₹ 604	Free Wifi+Room service	3.5 of 5 bubbles
517	Gracious A Unit Of Hotel Vishesh	₹ 999	Free Wifi+Free parking	5 of 5 bubbles
518	OYO 3277 Hotel The Gold Inn	₹ 3,480	Free Wifi+Free parking	3 of 5 bubbles
519	Mayur Assam Hotel	₹ 2,464	Room service	3 of 5 bubbles
520	Hotel Gold Star Inn	₹ 1,567	Free Wifi+Restaurant	3.5 of 5 bubbles
521	FabHotel Smart Palace	₹ 1,129	Free Wifi+Free parking	3.5 of 5 bubbles
522	Silver Residency Formerly Known Classy Residency	₹ 1,025	Free Wifi+Free parking	4.5 of 5 bubbles
523	Hotel Royal Star	₹ 1,343		5 of 5 bubbles
524	Hotel The Paramont	₹ 1,489	Free Wifi+Free parking	3 of 5 bubbles
525	FabExpress Le Continental	₹ 1,799	Free Wifi+Room service	3 of 5 bubbles
526	Fabexpress Chirag Inn	₹ 3,167		4 of 5 bubbles
527	Virohaa Hotel	₹ 3,218		4 of 5 bubbles
528	Hotel Yatri International	₹ 792	Free Wifi+Free parking	3 of 5 bubbles
529	Pearl House Gurgaon	₹ 1,001	Free Wifi+Restaurant	4 of 5 bubbles
530	Sweet Home Lodge	₹ 1,443	Free Wifi+Free parking	3 of 5 bubbles
531	Hotel Mandakini Palace	₹ 3,217	Free Wifi+Free parking	3 of 5 bubbles
532	OYO 18753 Hotel Glance Inn	₹ 1,811	Free Wifi+Free parking	3.5 of 5 bubbles
533	Pablas International Hotel	₹ 2,419	Free Wifi+Free parking	3 of 5 bubbles
534	Aero Indus Hotel	₹ 1,330	Free Wifi+Free parking	3.5 of 5 bubbles
535	Hotel Venus	₹ 1,658	Free Wifi+Free parking	3 of 5 bubbles
536	Xpert Pg	₹ 1,000		4 of 5 bubbles
537	Hotel Almora	₹ 2,419	Free Wifi+Free parking	4.5 of 5 bubbles
538	OYO 9273 Surya Palace	₹ 1,280	Free Wifi+Free parking	3.5 of 5 bubbles
539	Hotel Radiance	₹ 1,904	Free Wifi+Restaurant	3 of 5 bubbles
540	Taj Home Stay	₹ 2,800		4 of 5 bubbles
541	OYO 9821 Leo Click International	₹ 860	Free Wifi+Restaurant	3.5 of 5 bubbles
542	Namastey Homes	₹ 2,800	Free Wifi+Free parking	4 of 5 bubbles
543	OYO 22354 PG Hospitality Inn	₹ 1,456	Free Wifi+Restaurant	3.5 of 5 bubbles
544	A One Guest House	₹ 1,567		4 of 5 bubbles
545	Kashi Residency	₹ 999	Free Wifi+Free parking	4 of 5 bubbles
546	JP Residency Inn	₹ 4,347	Free Wifi+Free parking	3 of 5 bubbles
547	Capital O 355 Hotel River View	₹ 2,016	Free Wifi+Free parking	4 of 5 bubbles
548	OYO 6467 Kochar Plaza	₹ 2,016	Free Wifi+Free parking	3.5 of 5 bubbles
549	Hotel Hebron	₹ 999	Free Wifi+Free parking	3.5 of 5 bubbles
550	OYO 10020 Golf Stays	₹ 889	Free Wifi+Room service	3.5 of 5 bubbles
551	OYO 543 La Ola Boutique Hotel	₹ 3,079	Free Wifi+Free parking	3.5 of 5 bubbles
552	Hotel Dakha International	₹ 11,340	Free Wifi+Room service	3.5 of 5 bubbles
553	OYO 63653 Hotel Sefali Dx	₹ 1,357		4 of 5 bubbles
554	Hotel Kabana	₹ 4,329	Free Wifi+Free parking	3.5 of 5 bubbles
555	Hotel La Vista	₹ 2,239	Free Wifi+Free parking	3.5 of 5 bubbles
556	Capital O 419 Hotel JPS Residency	₹ 1,329	Free Wifi+Free parking	3.5 of 5 bubbles
557	Capital O 529 Msk Residency	₹ 9,827	Free Wifi+Restaurant	3 of 5 bubbles
558	R 1 Square Boutique Hotel	₹ 1,232		4 of 5 bubbles
559	Calista Resort	₹ 2,147	Free Wifi+Free parking	3 of 5 bubbles
560	Batra Holiday Home	₹ 2,015	Free Wifi+Free parking	3 of 5 bubbles
561	OYO 337 Hotel Anand	₹ 1,634	Free Wifi+Free parking	3 of 5 bubbles
562	OYO 3046 Hotel Sawera	₹ 3,029	Free Wifi+Room service	3 of 5 bubbles
563	OYO 18997 Hotel Km International	₹ 821	Free Wifi	3 of 5 bubbles
564	Hotel Metro Heights	₹ 1,696	Free Wifi+Free parking	3 of 5 bubbles
565	Hotel Grand Westend	₹ 2,013	Free Wifi+Restaurant	3 of 5 bubbles
566	OYO 26172 Hotel De Aura	₹ 1,522	Free Wifi+Free parking	3 of 5 bubbles
567	FabHotel Delhi Heart	₹ 1,848	Free Wifi+Free parking	3 of 5 bubbles
568	OYO 1219 Hamilton Hotel	₹ 1,821	Free Wifi+Room service	3 of 5 bubbles
569	Rajdhani Inn	₹ 1,456	Free Wifi+Free parking	3 of 5 bubbles
570	Hotel Pinky Villa	₹ 3,747	Free Wifi+Restaurant	3 of 5 bubbles
571	OYO 10557 Le Mount	₹ 689	Free Wifi+Free parking	3 of 5 bubbles
572	West Yard Hotels	₹ 2,576	Free Wifi+Free parking	3.5 of 5 bubbles
573	Hotel Konark	₹ 567	Free Wifi+Room service	3 of 5 bubbles
574	OYO Townhouse 067 Chattarpur	₹ 1,302	Free Wifi+Restaurant	3 of 5 bubbles
575	OYO 12675 Hotel Star Inn	₹ 799	Free Wifi	3 of 5 bubbles
576	Homeless	₹ 3,136		3 of 5 bubbles
577	Sailors Home	₹ 2,352	Free Wifi+Free parking	3 of 5 bubbles
578	Hotel True Stay	₹ 1,903	Free Wifi+Free parking	3 of 5 bubbles
579	OYO 9046 Hotel Metro Star	₹ 1,029	Free Wifi+Room service	3 of 5 bubbles
580	OYO 11972 Nirvana Residency	₹ 1,059	Free Wifi+Free parking	3 of 5 bubbles
581	OYO 22394 Club Residency	₹ 1,119	Free Wifi+Free parking	3 of 5 bubbles
582	Airport Hotel Grand	₹ 996	Free Wifi+Free parking	3.5 of 5 bubbles
583	Hamilton Hotel	₹ 2,534	Free Wifi+Restaurant	3 of 5 bubbles
584	Capital O 4051 La Sapphire	₹ 1,452	Free Wifi+Free parking	3 of 5 bubbles
585	Hotel J P Residency	₹ 2,463	Free Wifi+Free parking	2.5 of 5 bubbles
586	Hotel Shivam International	₹ 816	Free parking+Room service	3 of 5 bubbles
587	OYO 329 Hotel C-Park Inn	₹ 1,062	Free Wifi+Restaurant	3 of 5 bubbles
588	Hotel Paragon Suites @ Delhi Airport	₹ 1,567	Free Wifi+Free parking	3 of 5 bubbles
589	Hotel Raj villa	₹ 4,480	Free Wifi+Restaurant	3 of 5 bubbles
590	Airport Residency	₹ 1,994	Free Wifi+Free parking	3 of 5 bubbles
591	Hotel Geetasaar	₹ 1,680	Free Wifi+Restaurant	3.5 of 5 bubbles
592	The Desire Hostel	₹ 1,771	Free Wifi+Free parking	3 of 5 bubbles
593	Hotel The Caves	₹ 725	Free Wifi+Free parking	3 of 5 bubbles
594	Hotel Mem International	₹ 1,434	Free Wifi+Free parking	2.5 of 5 bubbles
595	Goodwill Hotel	₹ 4,082	Free Wifi+Free parking	3.5 of 5 bubbles
596	Woodpecker Bed & Breakfast	₹ 3,907	Free Wifi+Room service	4 of 5 bubbles
597	Hotel Kashish Plaza	₹ 1,568		3 of 5 bubbles
598	Great Place To Stay - Noida Sec 56	₹ 4,147	Free Wifi+Room service	3 of 5 bubbles
599	Hotel Ramhan Palace	₹ 2,162	Free Wifi+Free parking	3 of 5 bubbles
